url_path,views_total,views_unique
/JARVIS843/Unity-Tutorial,196,81
/JARVIS843/Unity-Tutorial/tree/main/Assets,91,41
/JARVIS843/Unity-Tutorial/tree/main/Assets/_Scripts,74,30
/JARVIS843/Unity-Tutorial/tree/main/Assets/_Scripts/Player,48,26
/JARVIS843/Unity-Tutorial/blob/main/Assets/_Scripts/Player/PlayerController.cs,40,22
/JARVIS843/Unity-Tutorial/tree/main/Assets/_Scripts/Manager,38,23
/JARVIS843/Unity-Tutorial/tree/main/Assets/Resources,37,21
/JARVIS843/Unity-Tutorial/blob/main/Assets/_Scripts/Manager/InputManager.cs,30,17
/JARVIS843/Unity-Tutorial/tree/main/Assets/Resources/Character,20,13
/JARVIS843/Unity-Tutorial/find/main,14,13
